{"cameraMode":{"drawMode":0,"name":"Shaded","section":"Shading Mode"},"sceneLighting":false,"audioPlay":false,"sceneViewState":{"m_AlwaysRefresh":false,"showFog":false,"showSkybox":false,"showFlares":false,"showImageEffects":false,"showParticleSystems":false,"showVisualEffectGraphs":true,"m_FxEnabled":true},"in2DMode":false,"pivot":{"x":-0.20259183645248414,"y":0.7825281620025635,"z":-0.4130566120147705},"rotation":{"x":-0.012500204145908356,"y":0.9831292629241943,"z":-0.16705136001110078,"w":-0.07357662916183472},"size":1.0987462997436524,"orthographic":false}